"#","Phrase","Spoonerism"
"1","a bit cross","a crit boss"
"2","a change is as good as a rest","a range is as good as a chest"
"3","a few stragglers","a strew fagglers"
"4","baby chimp","chaby bimp"
"5","baby cried","carby bied"
"6","back slapper","slack bapper"
"7","back stabber","stack babber"
"8","bacon and cheese","chacon and beese"
"9","bacon rashers","racon bashers"
"10","bad dream","dad bream"
"11","bad mother","mad bother"
"12","badly fitting shoes","badly shitting foes"
"13","bag of chips","chag of bips"
"14","bag of junk","jag of bunk"
"15","bag of meat","mag of beat"
"16","bag of nuts","nag of buts"
"17","bag of rice","rag of bice"
"18","bag of scones","scag of bones"
"19","bag of soil","sag of boil"
"20","baggage handlers","haggage bandlers"
"21","bah humbug","hah bumbug"
"22","baked fruit","faked bruit"
"23","baked scones","scaked bones"
"24","baked spud","spaked bud"
"25","baking tin","taking bin"
"26","baldy chin","chaldy bin"
"27","baldy slaphead","slaldy baphead"
"28","ban on spoonerisms","span on boonerisms"
"29","bangers and mash","mangers and bash"
"30","banging noise","nanging boise"
"31","bank of scotland","skank of botland"
"32","bank statement","stank batement"
"33","barbed wire","warbed bire"
"34","bare knuckle fighting","knare f*ckle bighting"
"35","barking dog","darking bog"
"36","base jumping","jase bumping"
"37","bash in the ribs","rash in the bibs"
"38","basket case","casket base"
"39","batch of snow","snatch of bow"
"40","battered cod","cattered bod"
"41","battered fish","fattered bish"
"42","beauty spot","speauty bot"
"43","bed sheets","shed beets"
"44","bee stickers","stee bickers"
"45","bee sting","stee bing"
"46","beef dripping","dreef bipping"
"47","beef strips","streef bips"
"48","beeping the horn","heeping the born"
"49","beeping watch","weeping batch"
"50","begging letters","legging betters"
"51","ben nevis","nen bevis"
"52","big fly","flig by"
"53","big puddles","pig buddles"
"54","big smile","smig bile"
"55","bike pump","pike bump"
"56","bio yoghurt","yio boghurt"
"57","birds of a feather","firds of a beather"
"58","bit funny","fit bunny"
"59","bit grotty","grit botty"
"60","bit sleepy","slit beepy"
"61","bit twitchy","twit bitchy"
"62","biting your tongue","titing your bongue"
"63","bitter and twisted","twitter and bisted"
"64","bitter lemon","litter bemon"
"65","bitter sweet","switter beet"
"66","black and white","whack and blite"
"67","black bird","back blird"
"68","black cab","cack blab"
"69","black coal","clack boal"
"70","black cows","cack blows"
"71","black crow","clack brow"
"72","black dog","dack blog"
"73","black flag","flack blag"
"74","black jacket","jack blacket"
"75","black magic","mack blagic"
"76","black pants","pack blants"
"77","black pudding","pack bludding"
"78","black rook","rack blook"
"79","black sheep","shack bleep"
"80","black slash","slack blash"
"81","black smoke","smack bloke"
"82","black snot","snack blot"
"83","black socks","slack bocks"
"84","black soot","slack boot"
"85","black zip","zack blip"
"86","blackberry jam","jackberry blam"
"87","blank stare","stank blare"
"88","bleached hair","heached blair"
"89","bleeding finger","feeding blinger"
"90","bleeding lip","leeding blip"
"91","blinkered vision","vinkered blision"
"92","blister on my foot","flister on my boot"
"93","block of flats","flock of blats"
"94","blocked nose","nocked blose"
"95","blocked street","strocked bleet"
"96","blond hair","hond blair"
"97","blood clot","clood blot"
"98","blood shot","shood blot"
"99","blood sucking","sood blucking"
"100","bloody and yucky","yoody and blucky"
"101","blooming flowers","flooming blowers"
"102","blot on the landscape","lot on the blandscape"
"103","blowing a gale","glowing a bale"
"104","blowing glass","glowing blass"
"105","blowing my own trumpet","trowing my own blumpet"
"106","blue lagoon","lue blagoon"
"107","blue pub","bue plub"
"108","bobble hat","hobble bat"
"109","bobble my hair","hobble my bair"
"110","bobbly jumper","jobbly bumper"
"111","bodge job","jodge bob"
"112","bog stoppers","stob goppers"
"113","boiled sweets","swoiled beets"
"114","bomb shelter","shomb belter"
"115","bone china","chone bina"
"116","bonfire","fonbire"
"117","bonny scotland","sconny botland"
"118","bony knuckles","knony buckles"
"119","bottle neck","nottle beck"
"120","bottle of coke","cottle of boke"
"121","bottle of pop","pottle of bop"
"122","bottle top","tottle bop"
"123","bottled water","wottled bater"
"124","bottles of wine","wottles of bine"
"125","bottom wiping","wottom biping"
"126","bowler hat","howler bat"
"127","box hedge","hox bedge"
"128","box of food","fox of bood"
"129","box of frogs","frox of bogs"
"130","box of nappies","nox of bappies"
"131","boxing gloves","gloxing boves"
"132","bran flakes","fran blakes"
"133","brandy glass","glandy brass"
"134","break a leg","leak a breg"
"135","brick dust","dick brust"
"136","bright fleece","fright bleece"
"137","broken finger","froken binger"
"138","broken foot","froken boot"
"139","broken leg","loken breg"
"140","broken my nose","noken my brose"
"141","broken neck","noken breck"
"142","broom handle","hoom brandle"
"143","brown chimps","chown brimps"
"144","brown cows","cown brows"
"145","brown dog","down brog"
"146","brown stick","stown brick"
"147","bruised knees","knuised brees"
"148","brutal mugging","mutal brugging"
"149","bubble gum","gubble bum"
"150","bubbly film","fubbly bilm"
"151","bucket on the floor","flucket on the boor"
"152","buckle my wheel","whuckle my beel"
"153","budding leaf","ludding beaf"
"154","bugs and glitches","glugs and bitches"
"155","bull finch","full binch"
"156","bumped forehead","fumped borehead"
"157","bumper sticker","stumper bicker"
"158","bumpy flight","flumpy bight"
"159","bumpy road","rumpy boad"
"160","bunch of crap","crunch of bap"
"161","bunch of flowers","flunch of bowers"
"162","bunch of grapes","grunch of bapes"
"163","bundle of rags","rundle of bags"
"164","bungee jumping","jungee bumping"
"165","burger and chips","churger and bips"
"166","burger flipping","flurger bipping"
"167","burning wood","wurning bood"
"168","burnt toast","turnt boast"
"169","burst tyre","turst byre"
"170","bust a gut","gust a but"
"171","butter scotch","scutter botch"
"172","buttered scones","scuttered bones"
"173","buttery crumpets","cruttery bumpets"
"174","buttery fingers","futtery bingers"
"175","buttery muffins","muttery buffins"
"176","buttery spuds","sputtery buds"
"177","buttery toast","tuttery boast"
"178","button moon","mutton boon"
"179","cabbage soup","sabbage coup"
"180","caged monkeys","maged konkeys"
"181","call my bluff","ball my cluff"
"182","camera flash","flamera cash"
"183","can of worms","wan of corms"
"184","canal boat","banal coat"
"185","candle wax","wandle cax"
"186","candy floss","flandy coss"
"187","canned tuna","tanned cuna"
"188","carrot patch","parrot catch"
"189","carrots and parsnips","parrots and carsnips"
"190","cartoon lady","lartoon cady"
"191","cat flap","flat cap"
"192","cat food","fat cood"
"193","cat on a hot tin roof","rat on a cot tin hoof"
"194","cat poo","pat coo"
"195","charity pot","parity chot"
"196","charlie and snoopy","snarlie and choopy"
"197","chatter box","batter chox"
"198","chattering classes","clattering chasses"
"199","chattering masses","mattering chasses"
"200","cheeky smile","smeeky chile"
"201","cheeping bird","beeping chird"
"202","cheese and pickle","peese and chickle"
"203","cheese pastie","peese chastie"
"204","cheesey bap","beesey chap"
"205","cheesy puffs","peesy chuffs"
"206","cheshire west","weshire chest"
"207","chest hairs","hest chairs"
"208","chesty cough","cesty chough"
"209","chewing a spud","spewing a chud"
"210","chewing gum","gewing chum"
"211","chewy lolly","lewy cholly"
"212","chewy meat","mewy cheat"
"213","chewy nuts","newy chuts"
"214","chewy toffee","tewy choffee"
"215","chicken and sweetcorn soup","swicken and cheetcorn soup"
"216","chicken feet","ficken cheet"
"217","chicken noodle","nicken choodle"
"218","chicken pox","picken chox"
"219","chicken steak","sticken cheak"
"220","chicken wing","wicken ching"
"221","chilly bum","billy chum"
"222","chilly fingers","filly chingers"
"223","chiming bells","biming chells"
"224","chimney pot","pimney chot"
"225","chimney sweep","swimney cheep"
"226","china mug","mina chug"
"227","china plate","plina chate"
"228","chinese whispers","whinese chispers"
"229","chip and pin","pip and chin"
"230","chipping norton","nipping chorton"
"231","chirping bird","birping chird"
"232","chiselled features","fiselled cheatures"
"233","chocolate biscuit","bocolate chiscuit"
"234","chocolate chip","chicolate chop"
"235","chocolate frog","frocolate chog"
"236","chocolate muffin","mocolate chuffin"
"237","choking hazard","hoking chazard"
"238","chomping at the bit","bomping at the chit"
"239","chop sticks","stop chicks"
"240","chopped meat","mopped cheat"
"241","chopped mint","mopped chint"
"242","chopping block","blopping chock"
"243","chopping board","bopping choard"
"244","chopping up wood","wopping up chood"
"245","chunky bottom","bunky chottom"
"246","chunky mug","munky chug"
"247","clammy hands","hammy clands"
"248","clanking buckets","banking cluckets"
"249","clap of thunder","thap of clunder"
"250","clapped hands","happed clands"
"251","claw hammer","haw clammer"
"252","clay pot","pay clot"
"253","click the link","lick the clink"
"254","clicking jaw","jicking claw"
"255","cliff hanger","hiff clanger"
"256","climbing frame","frimbing clame"
"257","clipped wings","wipped clings"
"258","cloaks and daggers","doaks and claggers"
"259","clock's ticking","tock's clicking"
"260","clocks go back","bocks go clack"
"261","clopping hooves","hopping clooves"
"262","clotted cream","crotted cleam"
"263","cloudy day","doudy clay"
"264","clump of grass","glump of crass"
"265","clump of weeds","wump of cleeds"
"266","clumping boots","bumping cloots"
"267","clumping feet","fumping cleet"
"268","clumsy bugger","bumsy clugger"
"269","clunking buckets","bunking cluckets"
"270","clutching at straws","strutching at claws"
"271","coat hanger","hoat canger"
"272","coat of gloss","gloat of coss"
"273","coat of gloss","goat of closs"
"274","coat with a bobble on","boat with a cobble on"
"275","cobbled streets","strobbled ceets"
"276","cockney rhyming slang","cockney slyming rhang"
"277","cocoa pops","pocoa cops"
"278","coffee beans","boffee ceans"
"279","cogs and gears","gogs and cears"
"280","coiled spring","sproiled cing"
"281","cold and frosty","frold and costy"
"282","cold feet","fold ceet"
"283","cold fingers","fold cingers"
"284","collar bone","bollar cone"
"285","combi boiler","bombi coiler"
"286","concrete block","boncrete clock"
"287","cooking butter","booking cutter"
"288","corn flakes","florn cakes"
"289","corned beef","borned ceef"
"290","cotton bobbin","botton cobbin"
"291","cotton wool","wotton cool"
"292","cough and splutter","spough and clutter"
"293","cowboys with their guns blazing","cowboys with their buns glazing"
"294","crab's pincers","pab's crincers"
"295","crack your knuckles","knack your cruckles"
"296","cracked a few jokes","jacked a few crokes"
"297","cracked a joke","jacked a croke"
"298","cracked bucket","backed crucket"
"299","cracked glass","glacked crass"
"300","cracked lips","lacked crips"
"301","cracked wall","wacked crall"
"302","crafty yawn","yafty crawn"
"303","crag hopper","hag cropper"
"304","crank shaft","shank craft"
"305","crash barriers","brash carriers"
"306","crashing waves","washing craves"
"307","crazy maniac","mazy craniac"
"308","crazy paving","pazy craving"
"309","creaky door","deaky croor"
"310","cream bun","beam crun"
"311","cream cheese","cheam creese"
"312","creamy and sticky","steamy and cricky"
"313","creamy buns","beamy cruns"
"314","creamy butter","beamy crutter"
"315","creamy mash","meamy crash"
"316","creamy milk","meamy crilk"
"317","creamy pudding","peamy crudding"
"318","creamy spuds","speamy cruds"
"319","cricked neck","nicked creck"
"320","crisps and snacks","snisps and cracks"
"321","crispy duck","dispy cruck"
"322","cross hatching","hoss cratching"
"323","crossed fingers","fossed cringers"
"324","crow's beak","bow's creak"
"325","crumbly cheese","chumbly creese"
"326","crumpled heap","humpled creap"
"327","crumpled map","mumpled crap"
"328","crunching noise","nunching croise"
"329","crunchy bits","bunchy crits"
"330","crunchy bread","brunchy cread"
"331","crunchy fruit","frunchy cruit"
"332","crunchy grapes","grunchy crapes"
"333","crunchy loaf","lunchy croaf"
"334","crunchy nuts","nunchy cruts"
"335","crunchy peppers","punchy creppers"
"336","crunchy sweets","swunchy creets"
"337","crunchy toast","tunchy croast"
"338","crusty bread","brusty cread"
"339","crusty duck","dusty cruck"
"340","crusty pie","pusty crie"
"341","crusty snot","snusty crot"
"342","cup with a drink in it","drup with a cink in it"
"343","cut and thrust","thut and crust"
"344","cut lip","lut cip"
"345","cutting a wooden block","blutting a wooden cock"
"346","cutting back plants","plutting back cants"
"347","cutting my nails","nutting my cails"
"348","cutting off your nose to spite your face","cutting off your nose to fite your space"
"349","cutting the lawn","lutting the cawn"
"350","cutting through red tape","rutting through ted cape"
"351","daddy chimp","chaddy dimp"
"352","dangly spider","spangly dider"
"353","daring leep","laring deep"
"354","dark and gloomy","glark and doomy"
"355","dark skinned","skark dinned"
"356","darkened windows","warkened dindows"
"357","darling cat","carling dat"
"358","dash of milk","mash of dilk"
"359","dashed hopes","hashed dopes"
"360","dawn prayer","prawn dayer"
"361","deep pool","peep dool"
"362","deep shock","sheep dock"
"363","dental floss","flental doss"
"364","dented tin","tented din"
"365","diced meat","miced deat"
"366","digging with a spade","spigging with a dade"
"367","dimpled chad","chimpled dad"
"368","dinner jacket","jinner dacket"
"369","dip in the pond","pip in the dond"
"370","dirty loo","lirty doo"
"371","dog graves","grog daves"
"372","dog meat","mog deat"
"373","dog poo","pog doo"
"374","dollop of jam","jollop of dam"
"375","doodle pad","poodle dad"
"376","double jointed","jouble dointed"
"377","double whiskey","wouble dhiskey"
"378","dragging their feet","fagging their dreet"
"379","drink of milk","mink of drilk"
"380","drinking bottle","binking drottle"
"381","drinking habit","hinking drabit"
"382","drinks and nibbles","ninks and dribbles"
"383","dripping tap","tripping dap"
"384","drizzly rain","rizzly drain"
"385","dropping a stitch","stropping a ditch"
"386","drumstick","strumdick"
"387","drunken scotsmen","scunken drotsmen"
"388","dummy in a shop","shummy in a dop"
"389","dunking biscuits","bunking discuits"
"390","dusty cloth","clusty doth"
"391","fairy cakes","cairy fakes"
"392","fairy lights","lairy fights"
"393","fairy tale","tairy fale"
"394","fake bag","bake fag"
"395","farty pants","party fants"
"396","fast rider","rast fider"
"397","fat balls","bat falls"
"398","fat bloke","blat foke"
"399","fat book","bat fook"
"400","fat chap","chat fap"
"401","fat cheeks","chat feets"
"402","fat cow","cat fow"
"403","fat hen","hat fen"
"404","fat man","mat fan"
"405","fat slapper","slat fapper"
"406","fat slug","slat fug"
"407","fatal stabbing","statal fabbing"
"408","fatty cake","catty fake"
"409","fatty filk","matty filk"
"410","feather duster","deather fuster"
"411","feather duvet","deather fuvet"
"412","feed the chickens","cheed the fickens"
"413","feeling greedy","greeling feedy"
"414","festive nibble","nestive fibble"
"415","fiddler on the roof","riddler on the foof"
"416","field of horses","hield of forses"
"417","field of sheep","shield of feep"
"418","fields of stubble","stields of fubble"
"419","fill your boots","bill your foots"
"420","finger nails","ninger fails"
"421","finger on the pulse","pinger on the fulse"
"422","finger puppet","pinger fuppet"
"423","fingers down a blackboard","bingers down a flackboard"
"424","first born","birst forn"
"425","fish and chips","chish and fips"
"426","fish cakes","cish fakes"
"427","fishing rod","rishing fod"
"428","fishy pasta","pishy fasta"
"429","fishy smell","smishy fell"
"430","fizzy drink","dizzy frink"
"431","fizzy nose","nizzy fose"
"432","fizzy sweets","swizzy feets"
"433","fizzy water","wizzy fater"
"434","flack jacket","jack flacket"
"435","flap jack","jap flack"
"436","flapping geese","gapping fleese"
"437","flapping goose","gapping floose"
"438","flapping like wings","wapping like flings"
"439","flapping wings","wapping flings"
"440","flared pants","plared fants"
"441","flash gordon","gash flordon"
"442","flash in the pan","pash in the flan"
"443","flashing lights","lashing flights"
"444","flat battery","bat flattery"
"445","flat tyre","tat flyre"
"446","fleece jacket","jeece flacket"
"447","flex my muscles","mex my fluscles"
"448","flicking lights","licking flights"
"449","flight of stairs","stight of flairs"
"450","flimsy mug","mimsy flug"
"451","flintshire job","jintshire flob"
"452","flipping burgers","bipping flurgers"
"453","floating my boat","boating my float"
"454","flock of birds","block of firds"
"455","flock of birds","bock of flirds"
"456","flock of sheep","shock of fleep"
"457","flogging a dead horse","dogging a head florse"
"458","flogging a dead horse","hogging a dead florse"
"459","floppy blouse","bloppy flouse"
"460","floppy disks","doppy flisks"
"461","floppy trousers","troppy flousers"
"462","floury baps","boury flaps"
"463","floury buns","boury fluns"
"464","floury hands","houry flands"
"465","flow chart","chow flart"
"466","flower buds","bower fluds"
"467","flower petal","power fletal"
"468","flowing locks","lowing flocks"
"469","fluffy bunny","buddy flunny"
"470","fluffy bunny","buffy flunny"
"471","fluffy spuds","spuffy fluds"
"472","flush the bog","blush the fog"
"473","flush the loo","lush the floo"
"474","flushing the bog","bushing the flog"
"475","fog lights","log fights"
"476","fog pockets","pog fockets"
"477","foggy and damp","doggy and famp"
"478","food and drink","dood and frink"
"479","forty winks","worty finks"
"480","forward slash","slorward fash"
"481","foul stench","stoul fench"
"482","fox hunting","hox funting"
"483","frantic dash","dantic frash"
"484","french stick","stench frick"
"485","frilly blouse","brilly flouse"
"486","frilly curtains","cilly frurtains"
"487","froaking crogs","froaking crogs"
"488","frog marched","mog frarched"
"489","frog spawn","sprog fawn"
"490","frosty day","dosty fray"
"491","frosty glass","grosty flass"
"492","frosty morning","mosty frorning"
"493","frosty windows","wosty frindows"
"494","frothy chocolate","chothy frocolate"
"495","fruit jellies","juit frellies"
"496","fruity yoghurt","yuity froghurt"
"497","fudge bar","budge far"
"498","full of the joys of spring","full of the sproys of jing"
"499","fun and games","gun and fames"
"500","funeral march","muneral farch"
"501","funnel on a ship","shunnel on a fip"
"502","funny bone","bunny fone"
"503","furrowed brow","burrowed frow"
"504","furry dog","durry fog"
"505","galloping horses","halloping gorses"
"506","game of snooker","sname of gooker"
"507","garden peas","parden geas"
"508","garden plot","parden glot"
"509","gem stone","stem gone"
"510","gin and tonic","tin and gonic"
"511","ginger nuts","ninger guts"
"512","glass beads","bass gleads"
"513","glass bottle","bass glottle"
"514","glass of pop","pass of glop"
"515","global mogul","mobal glogul"
"516","global warming","wobal glarming"
"517","gloomy place","ploomy glace"
"518","gloss paint","poss glaint"
"519","glossy bag","bossy glag"
"520","glow bugs","bow glugs"
"521","glow worms","wow glorms"
"522","gluttonous pig","puttonous glig"
"523","gnashing teeth","tashing gneeth"
"524","goal posts","poal gosts"
"525","goat chops","choat gops"
"526","gob smacked","smob gacked"
"527","gold crown","cold grown"
"528","golden bangles","bolden gangles"
"529","golden dome","dolden gome"
"530","golden watch","wolden gatch"
"531","good and blue","blood and gue"
"532","goody bags","boody gags"
"533","goose bumps","boose gumps"
"534","goose poo","poose goo"
"535","grab the bull by the horns","grab the hull by the borns"
"536","grasp the nettle","nasp the grettle"
"537","gravey boat","bavey groat"
"538","gravy and stuffing","stavy and gruffing"
"539","grazed hands","hazed grands"
"540","greasy spoon","speasy groon"
"541","great spotted woodpecker","speat grotted poodwecker"
"542","green bobble","been grobble"
"543","green leaves","leen greaves"
"544","green man","meen gran"
"545","green peas","peen greas"
"546","grid locked","grod licked"
"547","grill pan","pill gran"
"548","grilled chicken","chilled gricken"
"549","grilled meat","milled great"
"550","grim and windy","wim and grindy"
"551","grimy shoes","shimy groes"
"552","gristly meat","mistly great"
"553","ground coffee","cound groffee"
"554","grumbling man","mumbling gran"
"555","grumbling women","wumbling gromen"
"556","grumpy cat","crumpy dat"
"557","grumpy dad","dumpy grad"
"558","grumpy dog","dumpy grog"
"559","grumpy man","mumpy gran"
"560","grumpy mum","mumpy grum"
"561","gum shield","shum gield"
"562","gun ship","shun gip"
"563","gun slinging","slun ginging"
"564","gun tower","tun gower"
"565","hacking cough","cacking hough"
"566","hair clippers","clair hippers"
"567","hair curling","cair hurling"
"568","hair cut","cair hut"
"569","hair parting","pair harting"
"570","hairy back","bairy hack"
"571","hairy chin","chairy hin"
"572","hairy dog","dairy hog"
"573","hairy face","fairy hace"
"574","hairy fuckers","fairy huckers"
"575","hairy lip","lairy hip"
"576","hairy plant","plairy hant"
"577","hairy prat","prairy hat"
"578","hairy wig","wairy hig"
"579","hairy witches","wairy hitches"
"580","half a bun","balf a hun"
"581","ham and chicken","cham and hicken"
"582","hand bag","band hag"
"583","hand brake","brand hake"
"584","hand brush","brand hush"
"585","hand of fate","fand of hate"
"586","hand tool","tand hool"
"587","happiness and joy","jappiness and hoy"
"588","happy face","fappy hace"
"589","happy pills","pappy hills"
"590","hard board","bard hoard"
"591","hard muscle","mard huscle"
"592","hardy bunch","bardy hunch"
"593","harry potter","happy rotter"
"594","hat dropper","drat hopper"
"595","hats and bags","bats and hags"
"596","having a shag","shaving a hag"
"597","hay crop","cray hop"
"598","healthy snacks","snealthy hacks"
"599","heated floors","fleated hoors"
"600","heated pool","peated hool"
"601","heavy boots","beavy hoots"
"602","herb smell","smerb hell"
"603","highland toffee","tighland hoffee"
"604","highly strung","strighly hung"
"605","hints and tips","tints and hips"
"606","hit and miss","mit and hiss"
"607","hit in the face","fit in the hace"
"608","hitting the shops","shitting the hops"
"609","hockey club","clockey hub"
"610","hockey stick","stockey hick"
"611","hole in your pocket","pole in your hocket"
"612","hole punch","pole hunch"
"613","holy smoke","smoly hoke"
"614","hooked on spoonerisms","spooked on hoonerisms"
"615","hoover the stairs","stoover the hairs"
"616","hopping up stairs","stopping up hairs"
"617","horse box","borse hox"
"618","horse chestnut","chorse hestnut"
"619","horse jumping","jorse humping"
"620","horse riding","rorse hiding"
"621","hot and stuffy","stot and huffy"
"622","hot blooded","blot hooded"
"623","hot bun","bot hun"
"624","hot dog","dot hog"
"625","hot pot","pot hot"
"626","humming bird","bumming hird"
"627","hush puppies","push huppies"
"628","jack of all trades","track of all jades"
"629","jackie and mark","mackie and jark"
"630","jam on toast","tam on joast"
"631","jam pudding","pam judding"
"632","jangling coins","cangling joins"
"633","jelly babies","belly jabies"
"634","jelly legs","lelly jegs"
"635","jelly sweets","swelly jeets"
"636","jet black","blet jack"
"637","jewish man","mewish jan"
"638","jiffy bag","biffy jag"
"639","job cuts","cob juts"
"640","job losses","lob josses"
"641","jodrell bank","bodrell jank"
"642","jog a memory","mog a jemory"
"643","jog around the block","blog around the jock"
"644","joined up thinking","thoined up jinking"
"645","joss stick","stoss jick"
"646","jumbo roasted salted peanuts","rumbo joasted palted seanuts"
"647","jumping beans","bumping jeans"
"648","jumping through hoops","humping through joops"
"649","just a little","lust a jittle"
"650","keen as mustard","meen as kustard"
"651","key fob","fey kob"
"652","kings chapel","chings kapel"
"653","knickers in a twist","twickers in a nist"
"654","knob of butter","bob of knutter"
"655","knobs and switches","swobs and knitches"
"656","kung fu","fung ku"
"657","lack of space","spack of lace"
"658","laid hedge","haid ledge"
"659","lamb burger","bamb lurger"
"660","lamb chops","chamb lops"
"661","lamb chops","lomb chaps"
"662","lamb shanks","shamb lanks"
"663","laminate flooring","flaminate looring"
"664","lancashire hotpot","pancashire lotpot"
"665","land of hope and glory","land of glope and hory"
"666","laptop bag","baptop lag"
"667","lardy pudding","pardy ludding"
"668","laughing my head off","haughing my lead off"
"669","launch pad","paunch lad"
"670","launching pad","paunching lad"
"671","laying a hedge","haying a ledge"
"672","leaking tap","teaking lap"
"673","left handed","heft landed"
"674","leg cramp","creg lamp"
"675","lego bricks","brego licks"
"676","licking his wounds","wicking his lounds"
"677","lift sharing","shift laring"
"678","light bulbs","bight lulbs"
"679","light saber","sight laber"
"680","light touch","tight louch"
"681","limp butty","bimp lutty"
"682","limping woman","wimping loman"
"683","lit up a fag","fit up a lag"
"684","litter picking","pitter licking"
"685","little beard","bittle leard"
"686","little chef","chittle lef"
"687","little sheep","shittle leep"
"688","load of tyres","toad of lyres"
"689","loaf of bread","broaf of lead"
"690","lock jaw","jock law"
"691","lofty peak","pofty leak"
"692","logical thinking","thogical linking"
"693","long gap","gong lap"
"694","long johns","jong lohns"
"695","long shorts","shong lorts"
"696","long socks","song locks"
"697","long stockings","stong lockings"
"698","long story","stong lory"
"699","long tongue","tong longue"
"700","look at the spark","spook at the lark"
"701","loopy monster","moopy lonster"
"702","loose morals","moose lorals"
"703","loose motion","moose lotion"
"704","lost property","prost loperty"
"705","lot better","bot letter"
"706","lot of holly","hot of lolly"
"707","lots of stress","strots of less"
"708","lottery ticket","tottery licket"
"709","loud bang","boud lang"
"710","loud gun","goud lun"
"711","lovely biscuits","bovely liscuits"
"712","lovely chaffinch","chovely laffinch"
"713","lovely crust","crovely lust"
"714","lovely horses","hovely lorses"
"715","lovely rug","rovely lug"
"716","lucky dip","ducky lip"
"717","luggage straps","struggage laps"
"718","lumber jack","jumber lack"
"719","lump of grass","grump of lass"
"720","lump of gristle","grump of listle"
"721","lump on my toe","tump on my loe"
"722","lumps of jelly","jumps of lelly"
"723","lumpy batter","bumpy latter"
"724","lumpy cheeks","chumpy leeks"
"725","lumpy cheese","chumpy leese"
"726","lumpy custard","cumpy lustard"
"727","lumpy face","fumpy lace"
"728","lumpy gravey","grumpy lavey"
"729","lumpy pockets","pumpy lockets"
"730","lumpy porridge","pumpy lorridge"
"731","lumpy soup","sumpy loup"
"732","mackerel fillets","fickerel mallets"
"733","magic kingdom","gagic mingdom"
"734","magic wand","wagic mand"
"735","magical kingdom","kagical mingdom"
"736","make a drink","drake a mink"
"737","make the bed","bake the med"
"738","making a cake","caking a make"
"739","making bricks","braking micks"
"740","making my lunch","laking my munch"
"741","man flue","flan mue"
"742","mango chutney","chango mutney"
"743","manned flight","flanned might"
"744","marble floor","flarble moor"
"745","mark on the sheet","shark on the meet"
"746","marks and spencers","sparks and mencers"
"747","mashed spuds","spashed muds"
"748","maxwell house","haxwell mouse"
"749","may pole","pay mole"
"750","mean and grumpy","grean and mumpy"
"751","mean and moody","moon and meady"
"752","measles and chickenpox","cheasles and mickenpox"
"753","meat and dumplings","deat and mumplings"
"754","meat on the bones","beat on the mones"
"755","meatballs","beatmalls"
"756","meaty food","featy mood"
"757","meaty slab","sleaty mab"
"758","melted cheese","chelted meese"
"759","melting butter","belting mutter"
"760","melting fast","felting mast"
"761","mental block","blental mock"
"762","messy and complicated","cessy and momplicated"
"763","messy job","jessy mob"
"764","metal filling","fetal milling"
"765","metal pans","petal mans"
"766","metal pedals","petal medals"
"767","metal pegs","petal megs"
"768","metal spoons","spetal moons"
"769","metal tin","tetal min"
"770","middle class","cliddle mass"
"771","milk bottle","bilk mottle"
"772","mince pies","pince mies"
"773","mind boggling","bind moggling"
"774","miner's strike","striner's mike"
"775","mingling with the crowd","cringling with the mowd"
"776","mini cheddars","chini meddars"
"777","mint jelly","jint melly"
"778","mint sticks","stint micks"
"779","minty sweets","swinty meets"
"780","mixed blessing","blixed messing"
"781","modern fable","fodern mable"
"782","moist feet","foist meet"
"783","moist lips","loist mips"
"784","money in your pocket","poney in your mocket"
"785","monkey bars","bonkey mars"
"786","mop of hair","hop of mair"
"787","mopping the floor","flopping the moor"
"788","morning sickness","sorning mickness"
"789","morris dancers","dorris mancers"
"790","mosh pit","posh mit"
"791","mossy tree","trossy mee"
"792","mouldy bread","brouldy mead"
"793","mouldy peaches","pouldy meaches"
"794","mountain climbing","clountain mimbing"
"795","mouse droppings","drouse moppings"
"796","mouse trap","trouse map"
"797","moving target","toving marget"
"798","mowing the grass","growing the mass"
"799","mowing the lawn","lowing the mawn"
"800","muddy boots","buddy moots"
"801","muddy pond","puddy mond"
"802","muddy slime","sluddy mime"
"803","muddy tractor","truddy mactor"
"804","muddy trench","truddy mench"
"805","muffin tins","tuffin mins"
"806","mug's game","gug's mame"
"807","multipack can","multicack pan"
"808","mumbling fool","fumbling mool"
"809","mummy chimp","chummy mimp"
"810","munching crap","crunching map"
"811","munching my butties","bunching my mutties"
"812","munching noises","nunching moises"
"813","munching on biscuits","bunching on miscuits"
"814","munching on chips","chunching on mips"
"815","munching on pies","punching on mies"
"816","munching pancakes","punching mancakes"
"817","munching pasta","punching masta"
"818","mushroom and ham","hushroom and mam"
"819","mushy peas","pushy meas"
"820","mutton chops","chutton mops"
"821","nail clippers","clail nippers"
"822","nail varnish","vail narnish"
"823","narrow space","sparrow nace"
"824","neat cutter","ceat nutter"
"825","neck brace","breck nace"
"826","neck of the woods","weck of the noods"
"827","negative testing","tegative nesting"
"828","nervous person","pervous nerson"
"829","nesting birds","besting nirds"
"830","new spuds","spew nuds"
"831","nibbles and booze","bibbles and nooze"
"832","nice and pretty","price and netty"
"833","nice bloke","blice noke"
"834","nicked my purse","picked my nurse"
"835","nimble footed","fimble nooted"
"836","nip of whiskey","whip of niskey"
"837","nip to the shops","ship to the nops"
"838","nodding dog","dodding nog"
"839","noisy yob","yoisy nob"
"840","nooks and crannies","crooks and nannies"
"841","nose bleed","blose need"
"842","not happy","hot nappy"
"843","note pad","pote nad"
"844","numb fingers","fumb ningers"
"845","numb toes","tumb noes"
"846","number crunching","crumber nunching"
"847","number plate","plumber nate"
"848","nursing toddlers","tursing noddlers"
"849","nut clusters","clut nusters"
"850","nylon ropes","rylon nopes"
"851","pissing on my chips","chissing on my pips"
"852","packed lunch","lacked punch"
"853","packed to the gunnells","gacked to the punnells"
"854","packet of cheese","chacket of peese"
"855","packet of crisps","cracket of pisps"
"856","packet of junk","jacket of punk"
"857","packet of nappies","nacket of pappies"
"858","packet of nuts","nacket of puts"
"859","packet of smarties","smacket of parties"
"860","packet of sweets","swacket of peets"
"861","packets of ham","hackets of pam"
"862","padded jacket","jadded packet"
"863","paddling frogs","fraddling pogs"
"864","paddling in the sea","saddling in the pea"
"865","padlock","ladpock"
"866","painful hip","hainful pip"
"867","painful toes","tainful poes"
"868","painted nails","nainted pails"
"869","painting the fence","fainting the pence"
"870","painting the shed","shainting the ped"
"871","pair of socks","sair of pocks"
"872","pale skin","skale pin"
"873","pale yellow","yale pellow"
"874","panting dog","danting pog"
"875","paper napkin","naper papkin"
"876","paper plates","plaper pates"
"877","party hat","harty pat"
"878","passing like ships in the night","passing like nips in the shight"
"879","pasta lunch","lasta punch"
"880","paving slabs","slaving pabs"
"881","pawn shop","shawn pop"
"882","pay slips","slay pips"
"883","pea shooter","shea pooter"
"884","peat bog","beat pog"
"885","pebbly beach","bebbly peach"
"886","pecan nut","necan put"
"887","peppermint creams","creppermint peams"
"888","pert bottom","bert pottom"
"889","pesky fleas","flesky peas"
"890","pick pocket","pock picket"
"891","pick your brain","brick your pain"
"892","pick your nose","nick your pose"
"893","picket fence","ficket pence"
"894","picking a lock","licking a pock"
"895","picking flowers","flicking powers"
"896","picking slip","slicking pip"
"897","picking your nose","nicking your pose"
"898","pickled fish","fickled pish"
"899","pickled muscles","mickled puscles"
"900","pickled onion","ickled ponion"
"901","picnic hamper","hicnic pamper"
"902","pigeon shooting","shigeon pooting"
"903","piggy bank","biggy pank"
"904","pile of tosh","tile of posh"
"905","pillow cover","cillow pover"
"906","pineapple chunks","chineapple punks"
"907","pink face","fink pace"
"908","pink feet","fink peet"
"909","pink lamb","link pamb"
"910","pink lobster","link pobster"
"911","pink skin","skink pin"
"912","pink sunhat","sink punhat"
"913","pinned joints","jinned points"
"914","pins and needles","nins and peedles"
"915","pint glass","glint pass"
"916","pint of shandy","shint of pandy"
"917","pipe and slippers","slipe and pippers"
"918","pitch black","blitch pack"
"919","pitch fork","fitch pork"
"920","plant pots","plont pats"
"921","plastic cups","castic plups"
"922","plastic sheet","shastic pleet"
"923","plastic shoes","shastic ploes"
"924","plastic sledge","slastic pledge"
"925","plastic wig","wastic plig"
"926","plate of chips","chate of plips"
"927","playing rugby","raying plugby"
"928","plubming and heating","humbing and pleating"
"929","plucked from the sea","sucked from the plea"
"930","plugged nose","nugged plose"
"931","plumbing shop","shumbing plop"
"932","plump and moist","mump and ploist"
"933","plump fruit","flump pruit"
"934","plump nuts","nump pluts"
"935","plump pillow","plimp pullow"
"936","pock mark","mock park"
"937","pointing to a block","blointing to a pock"
"938","pointy chin","chointy pin"
"939","pointy stone","stointy pone"
"940","police man","molice pan"
"941","poncy git","goncy pit"
"942","pony tail","tony pail"
"943","pooh bear","booh pear"
"944","pool laptops","lool paptops"
"945","poorly and thin","thoorly and pin"
"946","pop bottle","bop pottle"
"947","pop corn","cop porn"
"948","pop up book","bop up pook"
"949","popped tube","topped pube"
"950","popped tyre","topped pyre"
"951","poppy seeds","soppy peeds"
"952","pork chops","chork pops"
"953","posh lady","losh pady"
"954","posh man","mosh pan"
"955","post-it note","nost-it pote"
"956","pot holes","hot poles"
"957","pot holing","hot poling"
"958","pot noodle","not poodle"
"959","pot of frogs","frot of pogs"
"960","pot of jam","jot of pam"
"961","potted meat","motted peat"
"962","potter's hands","hotter's pands"
"963","potter's wheel","whotter's peel"
"964","pottery clay","clottery pay"
"965","pouting lips","louting pips"
"966","power cut","cower put"
"967","prancing fool","francing pool"
"968","pricked finger","fricked pinger"
"969","printer cartridges","crinter partridges"
"970","prune the roses","rune the proses"
"971","pruning the roses","runing the proses"
"972","pub lunch","lub punch"
"973","pubic hair","hubic pair"
"974","public loo","lublic poo"
"975","puff of smoke","smuff of poke"
"976","puff out your cheeks","chuff out your peeks"
"977","pull up a chair","chull up a pair"
"978","pulled a muscle","mulled a puscle"
"979","pulling my hairs out","hulling my pairs out"
"980","pulling my leg","lulling my peg"
"981","pumpkin picking","pimpkin pucking"
"982","punch in the chin","chunch in the pin"
"983","punch in the face","funch in the pace"
"984","punch on the leg","lunch on the peg"
"985","punctured lung","lunctured pung"
"986","punctured wheel","whunctured peel"
"987","purple grapes","grurple papes"
"988","pushing my luck","lushing my puck"
"989","putting away the shopping","shutting away the popping"
"990","rabbit fur","fabbit rur"
"991","rack of lamb","lack of ramb"
"992","radical thinking","thadical rinking"
"993","raffle hamper","haffle ramper"
"994","raffle tickets","taffle rickets"
"995","rage and pain","page and rain"
"996","raging thirst","thaging rirst"
"997","rain and hail","hain and rail"
"998","raking leaves","laking reaves"
"999","raking the lawn","laking the rawn"
"1000","rattle snake","snattle rake"
"1001","raw chips","chaw rips"
"1002","razor blade","blazor rade"
"1003","read me a book","bead me a rook"
"1004","read me a story","stead me a rory"
"1005","red faced","fed raced"
"1006","red light","led right"
"1007","red tent","ted rent"
"1008","rib of beef","bib of reef"
"1009","rice and pasta","pice and rasta"
"1010","rice noodles","nice roodles"
"1011","rickety house","hickety rouse"
"1012","rickety stairs","stickety rairs"
"1013","riddled with pain","piddled with rain"
"1014","ridge of skin","skidge of rin"
"1015","riding with a hat on","hiding with a rat on"
"1016","ring in the changes","ching in the ranges"
"1017","ring on your finger","fing on your ringer"
"1018","rippling biceps","bippling riceps"
"1019","rippling muscles","mippling ruscles"
"1020","roast beef","boast reef"
"1021","roasted nuts","noasted ruts"
"1022","roberts bakery","boberts rakery"
"1023","rock climbing","clock rimbing"
"1024","rock pools","pock rools"
"1025","rock star","stock rar"
"1026","rocking horse","hocking rorse"
"1027","rod piston","pod riston"
"1028","rolled under the table","tolled under the rable"
"1029","roller skates","skoller rates"
"1030","roofing tile","toofing rile"
"1031","rose tinted spectacles","rose spinted tectacles"
"1032","rotten jacket","jotten racket"
"1033","rotten wood","wotten rood"
"1034","rough hands","hough rands"
"1035","rough sleeping","slough reeping"
"1036","rubber ball","bubber rall"
"1037","rubber hoop","hubber roop"
"1038","rubbish bag","bubbish rag"
"1039","rubbish bobble","bubbish robble"
"1040","rubbish box","bubbish rox"
"1041","rubbish dump","dubbish rump"
"1042","rugby player","plugby rayer"
"1043","rumble of thunder","thumble of runder"
"1044","rumbling stomach","stumbling romach"
"1045","runner beans","bunner reans"
"1046","runny jelly","junny relly"
"1047","runny nose","nunny rose"
"1048","salad box","balad sox"
"1049","salted butter","balted sutter"
"1050","salted nuts","nalted suts"
"1051","salty chips","chalty sips"
"1052","sandy beach","bandy seach"
"1053","sandy floor","flandy soor"
"1054","sandy grass","grandy sass"
"1055","sausage roll","rausage sole"
"1056","scary boat","bary scoat"
"1057","scary witch","wary scitch"
"1058","school grants","grool schants"
"1059","scottish haggis","hottish scaggis"
"1060","scottish job","jottish scob"
"1061","scottish roots","rottish scoots"
"1062","scraped my knuckles","knaped my scruckles"
"1063","screen heater","heen screater"
"1064","screw driver","drew scriver"
"1065","scrub land","lub scrand"
"1066","scrub the floor","flub the scroor"
"1067","scrubbing brush","brubbing scrush"
"1068","scruffy hat","huffy scrat"
"1069","seat pocket","peat socket"
"1070","shaggy dog","daggy shog"
"1071","shaking in their boots","baking in their shoots"
"1072","share the smarties","smare the sharties"
"1073","sharp blade","blarp shade"
"1074","sharp claws","clarp shaws"
"1075","sharp nail","narp shail"
"1076","sharp needle","narp sheedle"
"1077","sharp pencil","parp shencil"
"1078","shattered glass","glattered shass"
"1079","shave my beard","bave my sheard"
"1080","shaving my legs","laving my shegs"
"1081","shaving stick","staving shick"
"1082","sheep dog","deep shog"
"1083","shining bulb","bining shulb"
"1084","shining light","lining shight"
"1085","shiny and new","niny and shew"
"1086","shiny head","hiny shead"
"1087","shiny lips","liny ships"
"1088","shiny spoon","spiny shoon"
"1089","shirley bassey","birley shassey"
"1090","shivers down my back","bivers down my shack"
"1091","shooting pain","pooting shain"
"1092","shop lifting","lip shofting"
"1093","shopping bags","bopping shags"
"1094","shopping list","lopping shist"
"1095","shopping streets","stropping sheets"
"1096","short books","bort shooks"
"1097","short sleep","slort sheep"
"1098","shotgun wedding","wotgun shedding"
"1099","show jumping","jow shumping"
"1100","show stopper","stow shopper"
"1101","shower cap","cower shap"
"1102","shrimps and prawns","primps and shrawns"
"1103","sick as a parrott","pick as a sarrott"
"1104","silver spoon","spilver soon"
"1105","sine wave","wine save"
"1106","sink plug","pink slug"
"1107","skark din","dark skin"
"1108","skating rink","rating skink"
"1109","sketch pad","petch skad"
"1110","ski poles","pi skoles"
"1111","skimmed milk","mimmed skilk"
"1112","skimming stones","stimming skones"
"1113","skimpy pants","pimpy skants"
"1114","skipping rope","ripping scope"
"1115","skirting boards","birting skoards"
"1116","slab of cake","cab of slake"
"1117","slab of cheese","chab of sleese"
"1118","slab of ham","hab of slam"
"1119","slab of meat","mab of sleat"
"1120","slack jaw","jack slaw"
"1121","slack rope","rack slope"
"1122","slamming the door","damming the sloor"
"1123","slanging match","manging slatch"
"1124","slap head","hap slead"
"1125","slap on the bum","bap on the slum"
"1126","slapped in the face","fapped in the slace"
"1127","sledge hammer","hedge slammer"
"1128","sleeping bags","beeping slags"
"1129","sleeping beauty","beeping sleauty"
"1130","sleeping children","cheeping slildren"
"1131","sleeping mat","meeping slat"
"1132","sleeping pattern","peeping slattern"
"1133","sleepy cheeks","cheepy sleeks"
"1134","sleety fields","feety slields"
"1135","sleeveless jacket","jeeveless slacket"
"1136","slender feet","fender sleet"
"1137","slender hips","hender slips"
"1138","slender neck","nender sleck"
"1139","slice of toast","tice of sloast"
"1140","sliced peaches","piced sleaches"
"1141","slim hips","him slips"
"1142","sling your hook","hing your slook"
"1143","slip knot","knip slot"
"1144","slipped a bit","bipped a slit"
"1145","slipped clutch","clipped slutch"
"1146","slippery grass","grippery slass"
"1147","slippery meat","mippery sleat"
"1148","slippery weasel","wippery sleasel"
"1149","sliver of glass","gliver of slass"
"1150","slobby jumper","jobby slumper"
"1151","sloppy batter","boppy slatter"
"1152","sloppy grammar","groppy slammar"
"1153","slow puncture","pow sluncture"
"1154","slushy snow","snushy slow"
"1155","smack in the chops","chack in the smops"
"1156","smack in the face","fack in the smace"
"1157","smack in the jaw","jack in the smaw"
"1158","smack your lips","lack your smips"
"1159","small and cheap","chall and smeap"
"1160","small boy","ball smoy"
"1161","smart cookie","cart smookie"
"1162","smartie cake","cartie smake"
"1163","smashed bottle","bashed smottle"
"1164","smelling of fags","felling of smags"
"1165","smelly bag","belly smag"
"1166","smelly cheese","chelly smeese"
"1167","smelly donkeys","delly smonkeys"
"1168","smelly fart","felly smart"
"1169","smelly fish","felly smish"
"1170","smelly glue","glelly smue"
"1171","smelly lunch","lelly smunch"
"1172","smelly pants","pelly smants"
"1173","smelly pig","pelly smig"
"1174","smoked mackerel","smacked mokerel"
"1175","smoking a fag","foking a smag"
"1176","smoking a pipe","poking a smike"
"1177","smoking jacket","joking smacket"
"1178","snacking on pies","packing on snies"
"1179","snap to grid","grap to snid"
"1180","snapping crocodiles","crapping snocodiles"
"1181","snot bubble","bot snubble"
"1182","snotty fingers","fotty sningers"
"1183","snow and wind","wow and snind"
"1184","snow capped hills","cow snapped hills"
"1185","snow drift","drow snift"
"1186","snow flakes","flow snakes"
"1187","snowy blizzard","blowy snizzard"
"1188","soft beard","boft seard"
"1189","soft butter","boft sutter"
"1190","soft face","foft sace"
"1191","soggy toast","toggy soast"
"1192","soiled goods","goiled soods"
"1193","sore fingers","fore singers"
"1194","sore mouth","more south"
"1195","soup kitchen","koup sitchen"
"1196","sour milk","mour silk"
"1197","spanish and german","ganish and sperman"
"1198","spare ribs","rare spibs"
"1199","speckled hen","heckled spen"
"1200","speed bumps","beed spumps"
"1201","speed dating","deed spating"
"1202","sperm whale","wherm spale"
"1203","spicy curry","cisy spurry"
"1204","spicy duck","dicy spuck"
"1205","spicy meat","micy speat"
"1206","spiky cactus","ciky spactus"
"1207","spiky chin","chiky spin"
"1208","spilled the beans","billed the speans"
"1209","splitting hairs","hitting splairs"
"1210","splodge of yoghurt","yodge of sploghurt"
"1211","spoiled kids","koiled spids"
"1212","spooky house","hooky spouse"
"1213","sports jacket","jorts spacket"
"1214","spots of rust","rots of spust"
"1215","spotty chin","chotty spin"
"1216","spotty dog","dotty spog"
"1217","spring cleaning","cling spreaning"
"1218","spring day","ding spray"
"1219","spring loaded","ling sproaded"
"1220","squeaky chair","cheaky squair"
"1221","squeaky heel","heaky squeel"
"1222","squishy back","bishy squack"
"1223","stab in the dark","dab in the stark"
"1224","stabbing pain","pabbing stain"
"1225","stair lift","lair stift"
"1226","stalemate","malestate"
"1227","steamy windows","weamy stindows"
"1228","steep climb","cleep stimb"
"1229","steep hill","heep still"
"1230","steering wheel","wheering steel"
"1231","stick off a lolly","lick off a stolly"
"1232","sticky fingers","ficky stingers"
"1233","sticky glue","glicky stue"
"1234","sticky notes","nicky stotes"
"1235","sticky pad","picky stad"
"1236","sticky wicket","wicky sticket"
"1237","stiff fingers","fiff stingers"
"1238","stinging pain","pinging stain"
"1239","stinky pub","pinky stub"
"1240","stitched a logo","litched a stogo"
"1241","stock pile","pock stile"
"1242","stoke on trent","stroke on tent"
"1243","stomach bug","bomach stug"
"1244","stomach pain","pomach stain"
"1245","stone mason","mone stason"
"1246","stop at the bench","bop at the stench"
"1247","stop giggling","gop stiggling"
"1248","stop grumbling","grop stumbling"
"1249","stop nagging","nop stagging"
"1250","stop the clocks","clop the stocks"
"1251","story book","bory stook"
"1252","straight jacket","jaight stracket"
"1253","strained back","bained strack"
"1254","strap of a lad","lap of a strad"
"1255","strapping lad","lapping strad"
"1256","street maps","meet straps"
"1257","strike a match","mike a stratch"
"1258","strike of lightning","like of strightning"
"1259","stringy cheese","chingy streese"
"1260","stripping paint","pipping straint"
"1261","strong jaw","jong straw"
"1262","strong magnet","mong stragnet"
"1263","strong punch","pong strunch"
"1264","strong smell","smong strell"
"1265","strong wind","wong string"
"1266","struggling with chocolate","chuggling with strocolate"
"1267","stubbed toe","bubbed stoe"
"1268","stuck in a blizzard","bluck in a stizzard"
"1269","stuck in my throat","thruck in my stoat"
"1270","stuck in the lift","luck in the stift"
"1271","stuffed dog","duffed stog"
"1272","stuffed peppers","puffed steppers"
"1273","stuffing my face","fuffing my stace"
"1274","stumbling block","blumbling stock"
"1275","stung by a bee","bung by a stee"
"1276","stung lip","lung stip"
"1277","stunt bike","bunt stike"
"1278","sun bathing","bun sathing"
"1279","surfing on waves","wurfing on saves"
"1280","sweep in under the carpet","ceep it under the swarpet"
"1281","sweet dreams","dreet sweams"
"1282","sweet popcorn","peet swopcorn"
"1283","sweet shop","sheet swop"
"1284","sweet tin","teet swin"
"1285","sweet tooth","teet swooth"
"1286","swimming badge","bimming swadge"
"1287","swimming cap","cimming swap"
"1288","swimming goggles","gimming swoggles"
"1289","swimming pool","pimming swool"
"1290","swimming trunks","trimming swunks"
"1291","switch off the light","litch off the swight"
"1292","switch off the tap","titch off the swap"
"1293","switch on the beeper","bitch on the sweeper"
"1294","take a fag","fake a tag"
"1295","take a flask","flake a task"
"1296","take a running jump","take a junning rump"
"1297","taking a ride","raking a tide"
"1298","taking shape","shaking tape"
"1299","tall and skinny","skall and tinny"
"1300","tanned skin","skanned tin"
"1301","tax flags","flax tags"
"1302","team meeting","meam teeting"
"1303","tear in his muscle","mear in his tuscle"
"1304","tears at bedtime","bears at tedtime"
"1305","tender lips","lender tips"
"1306","thatched cottage","catched thottage"
"1307","thatched house","hatched thouse"
"1308","the mint with a hole","the hint with a mole"
"1309","thick and creamy","crick and theamy"
"1310","thick butter","bick thutter"
"1311","thick fog","fick thog"
"1312","thigh slapping","sligh thapping"
"1313","thirsty dog","dirsty thog"
"1314","thrash metal","mash thretal"
"1315","three puddings","pee thruddings"
"1316","throbbing foot","fobbing throot"
"1317","throbbing hand","hobbing thrand"
"1318","throwing stones","stowing thrones"
"1319","thundery showers","shundery thowers"
"1320","ticking watch","wicking tatch"
"1321","tickled bottom","bickled tottom"
"1322","tickled feet","fickled teet"
"1323","tickly cough","cickly tough"
"1324","tickly feet","fickly teet"
"1325","tickly nose","nickly toes"
"1326","tie a bow","bie a tow"
"1327","tight lipped smile","light tipped smile"
"1328","tin of cherries","chin of terries"
"1329","tin of fruit","frin of tuit"
"1330","tin of peaches","pin of teaches"
"1331","tin of pears","pin of tears"
"1332","tingling fingers","fingling tingers"
"1333","tingly spine","spingly tine"
"1334","tinned beans","binned teans"
"1335","tinned fish","finned tish"
"1336","tinned fruit","frinned tuit"
"1337","tinted windows","winted tindows"
"1338","tiny spider","spiny tider"
"1339","tired legs","lired tegs"
"1340","toasted crumpets","coasted trumpets"
"1341","toe nails","noe tails"
"1342","too many cooks spoil the broth","too many spooks coil the broth"
"1343","tool kits","kool t!ts"
"1344","tooth paste","pooth taste"
"1345","top of my head","hop of my tead"
"1346","torn muscle","morn tuscle"
"1347","torn paper","porn taper"
"1348","tough meat","mough teat"
"1349","towering piles","powering tiles"
"1350","toy car","coy tar"
"1351","trapped fingers","fapped tringers"
"1352","trapped in snow","snapped in trow"
"1353","trapped in the lift","lapped in the trift"
"1354","trapped muscle","mapped truscle"
"1355","travel budget","bavel trudget"
"1356","treasure map","measure trap"
"1357","trigger happy","higger trappy"
"1358","trim a hedge","him a tredge"
"1359","trimming the lawn","limming the trawn"
"1360","trinity hall","hinity trall"
"1361","trip on your laces","lip on your traces"
"1362","trolly dash","dolly trash"
"1363","trucks and diggers","ducks and triggers"
"1364","tube of smarties","smube of tarties"
"1365","tuck your shirt in","shuck your tirt in"
"1366","tug boat","bug toat"
"1367","tummy bug","bummy tug"
"1368","tummy button","bummy tutton"
"1369","tuna and sweetcorn","swuna and teetcorn"
"1370","twelve sisters","selve twisters"
"1371","twenty minutes","menty twinutes"
"1372","twiddling my thumbs","thiddling my twumbs"
"1373","twigs and sticks","stigs and twicks"
"1374","twisted back","bisted twack"
"1375","tyre levers","lyre tevers"
"1376","victor the snoop","snictor the voop"
"1377","vine yard","yine vard"
"1378","wage slave","slage wave"
"1379","wagging fingers","fagging wingers"
"1380","wagging his tail","tagging his wail"
"1381","walking boots","balking woots"
"1382","walking boots","balking woots"
"1383","walking her dogs","dalking her wogs"
"1384","walking stick","stalking wick"
"1385","warbling bird","barbling wird"
"1386","warm and snuggly","snarm and wuggly"
"1387","warm and summery","sarm and wummery"
"1388","warm hips","harm wips"
"1389","warm throat","thrarm woat"
"1390","warming soup","sarming woup"
"1391","washing bin","bashing win"
"1392","washing the dishes","dashing the wishes"
"1393","water filter","fater wilter"
"1394","wax crayon","crax wayon"
"1395","weak brakes","break wakes"
"1396","weakest link","leakest wink"
"1397","web pages","peb wages"
"1398","wedding party","pedding warty"
"1399","wedding ring","redding wing"
"1400","weed patch","peed watch"
"1401","weeping sore","seeping wore"
"1402","wellington boots","bellington woots"
"1403","wheel chair","cheel whair"
"1404","whipper snapper","snipper whapper"
"1405","whisky and ginger","gisky and whinger"
"1406","white hat","hite what"
"1407","white sheep","shite wheep"
"1408","white teeth","tite wheeth"
"1409","whizzer and chips","chizzer and whips"
"1410","wicker basket","bicker wasket"
"1411","wiggling your bottom","biggling your wottom"
"1412","window frame","frindow wame"
"1413","window ledge","lindow wedge"
"1414","windy day","dindy way"
"1415","wine gum","gine wum"
"1416","winking chap","chinking wap"
"1417","winking man","minking wan"
"1418","winks of sleep","slinks of weep"
"1419","winter gritting","grinter witting"
"1420","wittering children","chittering wildren"
"1421","wobbling legs","lobbling wegs"
"1422","wobbly back","bobbly wack"
"1423","wobbly chair","chobbly wair"
"1424","wobbly jelly","jobbly welly"
"1425","wobbly knees","knobbly wees"
"1426","wobbly legs","lobbly wegs"
"1427","women's privilege","promen's wivelege"
"1428","wood filler","food willer"
"1429","wood stove","stood wove"
"1430","wooden beam","booden weam"
"1431","wooden blocks","blooden wocks"
"1432","wooden clogs","clooden wogs"
"1433","wooden coat hanger","hooden coat wanger"
"1434","wooden crate","crooden wate"
"1435","wooden cross","crooden woss"
"1436","wooden fence","fooden wence"
"1437","wooden pole","pooden wole"
"1438","wooden rattle","rooden wattle"
"1439","wooden splinter","splooden winter"
"1440","wooden toys","tooden woys"
"1441","woodpecker","poodwecker"
"1442","wooly sheep","shooly weep"
"1443","wooly socks","sooly wocks"
"1444","work packets","pork wackets"
"1445","yeasty beer","beasty yeer"
"1446","yorkie bar","borkie yar"
"1447","yorkshire pudding","porkshire yudding"
"1448","yummy chips","chummy yips"
"1449","yummy fudge","fummy yudge"
"1450","zip pocket","pip zocket"

